key,time,all_swamps___alg_sample,all_swamps___total_rabbits,all_swamps___total_rabbits_per_wolves,all_swamps___total_wolves,blue_swamp___rabbits,blue_swamp___rabbits_per_wolves,blue_swamp___wolves,green_swamp___rabbits,green_swamp___rabbits_per_wolves,green_swamp___wolves,ratio
0-0,0,15,400,5.7142857143,70,300,30,10,100,1.6666666667,60,5.7142857143
0-0,1,15,397.4883598646,6.7294264702,59.0671971262,386.6235431302,39.7887821774,9.7168981299,10.8648167344,0.2201570599,49.3502989964,6.7294264702
0-0,2,15,501.5903198269,9.9557163815,50.3821423397,499.5627829056,50.3274346953,9.9262516743,2.0275369213,0.0501172237,40.4558906654,9.9557163815
0-0,3,15,627.9099889693,14.2934134968,43.9300233713,627.3185503687,58.2006697981,10.7785452048,0.5914386006,0.0178404896,33.1514781665,14.2934134968
0-0,4,15,735.5590484201,18.5731292811,39.6033989367,735.3101744418,59.1108096843,12.4395212715,0.2488739783,0.0091619459,27.1638776652,18.5731292811
0-0,5,15,768.3644982346,20.6752171931,37.1635514664,768.2230885247,51.5368854028,14.9062769805,0.14140971,0.0063534154,22.257274486,20.6752171931
0-0,6,15,691.9339772864,19.2695750789,35.908107701,691.8312155621,39.1500333729,17.671280353,0.1027617243,0.0056348466,18.236827348,19.2695750789
0-0,7,15,542.5711266211,15.6431007402,34.684372084,542.479768244,27.4787493526,19.7417925133,0.0913583772,0.0061139629,14.9425795707,15.6431007402
0-0,8,15,393.8385924922,12.0591223714,32.6589763634,393.7427819052,19.2863825862,20.4155849417,0.095810587,0.0078254941,12.2433914218,12.0591223714
0-0,9,15,286.08468782,9.5938433611,29.8196121255,285.9696436359,14.4517992018,19.7878229307,0.1150441841,0.0114679627,10.0317891948,9.5938433611
0-0,10,15,220.4748521542,8.2908765222,26.5924660153,220.3205094984,11.99169385,18.3727596997,0.1543426558,0.0187771497,8.2197063157,8.2908765222
0-0,11,15,185.720412122,7.9440106949,23.3786709578,185.4936484074,11.1449853696,16.6436870266,0.2267637147,0.0336695257,6.7349839312,7.9440106949
0-0,12,15,172.443460477,8.445024499,20.4195334777,172.0845391406,11.5484978396,14.9010322841,0.3589213364,0.065039641,5.5185011936,8.445024499
0-0,13,15,175.7689285806,9.8581254807,17.8298530411,175.1650930935,13.1623616698,13.3080291735,0.6038354871,0.1335380379,4.5218238676,9.8581254807
0-0,14,15,194.5892636553,12.4303938974,15.6543119439,193.5213292907,16.1955651944,11.9490321559,1.0679343647,0.2882196287,3.705279788,12.4303938974
0-0,15,15,230.7095086223,16.5875213011,13.9086186799,228.7418351718,21.0390846359,10.8722332331,1.9676734504,0.6480315114,3.0363854468,16.5875213011
0-0,16,15,288.2215142324,22.8625705657,12.6066976329,284.4724041711,28.11510563,10.1181339282,3.7491100612,1.5065356994,2.4885637046,22.8625705657
0-0,17,15,372.4777519355,31.6157144611,11.7814118164,365.1354840896,37.4832153823,9.7413063518,7.3422678457,3.5989648443,2.0401054646,31.6157144611
0-0,18,15,487.3615426094,42.3641969259,11.5040901982,472.6556662998,48.0793127808,9.8307492134,14.7058763092,8.7883321109,1.6733409848,42.3641969259
0-0,19,15,629.1618254296,52.8713019801,11.8998738799,599.1614655947,56.9227352049,10.5258727192,30.0003598338,21.8343045782,1.3740011607,52.8713019801
0-0,20,15,777.9976797297,59.2597721311,13.1285972212,715.8737775848,59.6669484513,11.997827879,62.1239021425,54.9394998829,1.1307693422,59.2597721311
0-0,21,15,900.2854801372,59.0629917249,15.2428018603,770.0745098247,53.8222176634,14.3077439626,130.2109703097,139.2544468427,0.9350578977,59.0629917249
0-0,22,15,992.9695396253,55.5836303717,17.8644239857,717.4019369682,41.9943657467,17.0832902036,275.5676026544,352.7790104363,0.7811337821,55.5836303717
0-0,23,15,1165.3303445356,58.093829333,20.0594513723,577.800766009,29.795038385,19.3925162486,587.5295785238,880.93962618,0.6669351237,58.093829333
0-0,24,15,1682.80115599,80.1728219345,20.9896710055,423.6899795319,20.7763485478,20.3928990967,1259.1111764553,2109.8700487072,0.5967719089,80.1728219345
0-0,25,15,3010.3021741901,146.1003684124,20.6043434859,305.8260377674,15.2808996386,20.0136147085,2704.47613642,4578.2027891979,0.5907287774,146.1003684124
0-0,26,15,6023.7752895721,309.6674884568,19.4523981823,231.7549872795,12.3759677453,18.7262113194,5792.0203022899,7975.9364951131,0.7261868629,309.6674884568
0-0,27,15,12366.0006567358,670.4869094549,18.4433140787,191.0836533945,11.217349598,17.034652591,12174.9170033385,8642.8976085247,1.4086614877,670.4869094549
0-0,28,15,22982.8104959965,1054.4170464022,21.7966985401,173.5198266813,11.3581446798,15.2771276977,22809.2906693122,3498.5877476436,6.5195708425,1054.4170464022
0-0,29,15,14380.7312624218,227.3747754874,63.2468189648,173.1768670135,12.6945302621,13.6418491616,14207.5543954054,286.4139309381,49.6049698032,227.3747754874
0-0,30,15,1053.7073571363,13.0943804292,80.4701958092,188.1094306341,15.385663237,12.2262802544,865.5979264991,12.6838842622,68.2439155548,13.0943804292
0-0,31,15,277.881333346,4.0492582181,68.6252440274,219.3511371756,19.7903022206,11.0837689455,58.5301961674,1.0171827553,57.5414750818,4.0492582181
0-0,32,15,277.3847850597,4.8230666442,57.5121194713,270.1679339511,26.3462326832,10.2545186327,7.2168511056,0.1527130235,47.2576008386,4.8230666442
0-0,33,15,346.4888975922,7.140780746,48.5225509531,344.9927041525,35.2456381968,9.7882382559,1.4961934367,0.0386270811,38.7343126971,7.140780746
0-0,34,15,447.2339204673,10.7755499824,41.5045098578,446.75810458,45.7527594098,9.7646155192,0.4758158844,0.0149910986,31.7398943386,10.7755499824
0-0,35,15,570.853411074,15.7179792835,36.3184987572,570.6385003009,55.3404173354,10.3114238702,0.2149107701,0.0082635502,26.007074887,15.7179792835
0-0,36,15,693.5050642864,21.0739739409,32.9081295361,693.3756617465,59.7802086459,11.5987494432,0.129402537,0.0060725622,21.3093800929,21.0739739409
0-0,37,15,766.5122148449,24.5718115122,31.1947783933,766.4136010437,55.8015247144,13.7346354775,0.0986137982,0.0056479376,17.4601429157,24.5718115122
0-0,38,15,738.5712652349,23.9964369426,30.7783720976,738.4801123649,44.8319548943,16.47218182,0.091152867,0.0063715682,14.3061902776,23.9964369426
0-0,39,15,612.6511112566,19.957626792,30.6975933383,612.5524158937,32.2809987448,18.9756339553,0.0986953599,0.0084196982,11.7219593829,19.957626792
0-0,40,15,455.7206065428,15.2387889415,29.9053033868,455.5989580405,22.442466875,20.3007521668,0.1216484993,0.0126657141,9.60455122,15.2387889415
0-0,41,15,328.0442054526,11.688777389,28.0648860471,327.8774680602,16.2353862472,20.1952366927,0.1667373894,0.0211873975,7.8696493544,11.688777389
0-0,42,15,245.0572467191,9.6067257887,25.5089249043,244.8079329887,12.8435582198,19.0607562794,0.2493137274,0.0386642692,6.4481686249,9.6067257887
0-0,43,15,198.1785035636,8.7278174039,22.7065363988,197.7781746555,11.3515378216,17.4230291758,0.4003289051,0.0757695387,5.283507223,8.7278174039
0-0,44,15,176.4575441796,8.8278089442,19.9888268193,175.7760642005,11.2248616299,15.6595306024,0.6814799761,0.1574112609,4.329296217,8.8278089442
0-0,45,15,173.1358610257,9.8742486363,17.534079544,171.918916902,12.2917558026,13.9865223214,1.2169441207,0.3430372068,3.5475572226,9.8742486363
0-0,46,15,185.7410445976,12.0423044014,15.4240449673,183.4810241234,14.6587248061,12.5168475806,2.2600204712,0.7773880375,2.9071973867,12.0423044014
0-0,47,15,215.2409212038,15.7187381252,13.6932697453,210.9068311575,18.6470179453,11.3104857718,4.3340900433,1.8189185808,2.3827839735,15.7187381252
0-0,48,15,265.568322639,21.4826810263,12.3619729918,257.0353560616,24.6949477097,10.4084187213,8.5329665744,4.3679188764,1.9535542705,21.4826810263
0-0,49,15,343.3532246394,29.9633403726,11.4591103785,326.1882902542,33.0937882827,9.8564808437,17.1649343823,10.7104817484,1.6026295348,29.9633403726
0-0,50,15,457.1496457061,41.3994493562,11.042408844,422.0087236167,43.3897876288,9.7259919137,35.1409220864,26.6943711218,1.3164169302,41.3994493562
0-0,51,15,615.1521337016,54.8396210874,11.2172936556,542.1740645231,53.5053168224,10.1330876392,72.9780691756,67.3101496088,1.0842060165,54.8396210874
0-0,52,15,821.8159089673,67.6933731636,12.1402712047,668.5012323318,59.4632233071,11.2422636237,153.3146766326,170.7275972642,0.898007581,67.6933731636
0-0,53,15,1082.6559308848,77.630079307,13.946345805,757.6068038451,57.4224627513,13.1935616751,325.0491270368,431.7959347549,0.7527841299,77.630079307
0-0,54,15,1448.4241852016,87.7939757781,16.4979905781,754.47736786,47.5996994194,15.8504649622,693.9468173387,1071.6901391195,0.6475256159,87.7939757781
0-0,55,15,2134.1789435148,111.8140550007,19.0868575825,645.8510027986,34.9144411173,18.498105143,1488.3279407133,2527.9350726475,0.5887524394,111.8140550007
0-0,56,15,3685.7986042438,177.7197328509,20.7393886155,489.1429459809,24.2917437808,20.136180852,3196.65565826,5299.4272480815,0.6032077635,177.7197328509
0-0,57,15,7184.702985441,340.111669225,21.1245412479,352.1918738647,17.3267194712,20.3265179223,6832.5111115734,8561.7937370189,0.7980233257,340.111669225
0-0,58,15,14478.0036004139,683.8645823458,21.1708633173,259.6230160884,13.4023698385,19.3714260401,14218.3805843225,7901.5705432531,1.7994372772,683.8645823458
0-0,59,15,24757.3351841689,874.6431771369,28.3056403243,205.6803488041,11.5512456284,17.8059021009,24551.6548353618,2338.3111381466,10.4997382234,874.6431771369
0-0,60,15,8808.4494769943,114.5756865196,76.8788714653,178.9062304719,11.1490521875,16.0467659011,8629.5432465194,141.8583684795,60.8321055642,114.5756865196
0-0,61,15,627.7916886419,7.7898981308,80.5904875909,171.405612995,11.9518314846,14.3413679498,456.386075644,6.888937968,66.2491196411,7.7898981308
0-0,62,15,214.8617433371,3.1615591781,67.9606900381,179.6212828899,14.0105742045,12.8204083764,35.2404604443,0.6391055574,55.1402816617,3.1615591781
0-0,63,15,208.2822233883,3.6670538907,56.7982444755,203.3722226844,17.6047509459,11.5521215443,4.9100007009,0.1085176007,45.2461229312,3.6670538907
0-0,64,15,246.1562043337,5.1647048115,47.6612339561,245.0300320261,23.1610384598,10.5794061199,1.1261723047,0.0303699243,37.0818278361,5.1647048115
0-0,65,15,309.0961088522,7.6640885184,40.3304460942,308.7070106319,31.0407479123,9.9452181856,0.3890982173,0.012805506,30.3852279086,7.6640885184
0-0,66,15,398.6949678202,11.5194954005,34.6104541873,398.5068703981,41.0261166626,9.7134923511,0.1880974191,0.007555035,24.8969618362,11.5194954005
0-0,67,15,514.234181223,16.9217957665,30.3888658343,514.1144375293,51.4674837956,9.9891115635,0.1197436907,0.0058698595,20.3997542707,16.9217957665
0-0,68,15,641.9715631991,23.2238700752,27.6427469289,641.8760435896,58.7372097162,10.9279287642,0.0955196065,0.0057146662,16.7148181646,23.2238700752
0-0,69,15,744.2095744018,28.205754433,26.3850263665,744.1179207986,58.6403104052,12.6895290229,0.0916536002,0.0066922433,13.6954973436,28.205754433
0-0,70,15,765.072943187,28.9237390255,26.4513845362,764.9706194135,50.2285338031,15.2298018973,0.1023237705,0.0091184794,11.2215826389,28.9237390255
0-0,71,15,676.9047798507,24.9201369875,27.1629638389,676.7754545138,37.6647626781,17.9683982161,0.129325334,0.0140654099,9.1945656228,24.9201369875
0-0,72,15,524.0498964666,19.1041180984,27.4312529773,523.8689546097,26.3283487409,19.8975241389,0.1809418539,0.0240175692,7.5337288384,19.1041180984
0-0,73,15,379.0679831445,14.2646063819,26.5740233551,378.7928347627,18.5672872536,20.4010865772,0.2751483788,0.044573335,6.1729367779,14.2646063819
0-0,74,15,276.7827122534,11.2008098467,24.7109553722,276.3347595691,14.0607267929,19.652949925,0.4479526813,0.0885631077,5.0580054472,11.2008098467
0-0,75,15,215.6603452033,9.6602133428,22.3245944526,214.8891231013,11.8200535554,18.1800464857,0.771222099,0.1860811131,4.1445479669,9.6602133428
0-0,76,15,184.34783412,9.2948687563,19.8332907062,182.9578161592,11.1307987357,16.437078821,1.3900179579,0.4092848164,3.3962118852,9.2948687563
0-0,77,15,174.2457118691,9.963342747,17.4886798832,171.6446068471,11.6721842902,14.7054400941,2.601105019,0.9345601587,2.7832397891,9.963342747
0-0,78,15,181.5273788352,11.7739801457,15.4176732582,176.5080880995,13.436590764,13.1363744867,5.0192907328,2.200189995,2.2812987716,11.7739801457
0-0,79,15,206.6348897378,15.1063356055,13.6786905266,196.7025110408,16.6581942268,11.8081532946,9.9323786941,5.3099069745,1.870537232,15.1063356055
0-0,80,15,254.1592834435,20.6606004907,12.3016406788,234.0960568062,21.7423987625,10.7667998993,20.0632266345,13.0718618524,1.5348407795,20.6606004907
0-0,81,15,333.7269441653,29.4950667505,11.3146699069,292.5130904547,29.0959522067,10.053394657,41.213853708,32.6763358825,1.26127525,29.4950667505
0-0,82,15,462.1371763838,42.9287557325,10.7652124665,376.3119267693,38.693394366,9.7254824224,85.8252496118,82.5457051052,1.0397300441,42.9287557325
0-0,83,15,667.4474667362,62.1449811708,10.7401668511,486.7464149123,49.2790877712,9.8773422343,180.7010518212,209.4296434093,0.8628246168,62.1449811708
0-0,84,15,997.8697104793,87.6815493469,11.380612203,614.1039047479,57.6388219131,10.6543451855,383.7658057287,528.4086933039,0.7262670175,87.6815493469
0-0,85,15,1546.8615268748,120.3224055639,12.8559724153,726.5630889468,59.4290665026,12.225719361,820.2984379253,1301.5382191405,0.6302530543,120.3224055639
0-0,86,15,2530.2372251748,166.4072818317,15.2050871652,769.8042875331,52.6504238589,14.621046349,1760.4329376391,3014.2292947493,0.5840408162,166.4072818317
0-0,87,15,4484.2746540087,248.8398111086,18.0207284117,704.4221698871,40.490074659,17.3974035815,3779.8524841191,6064.0171877734,0.6233248302,248.8398111086
0-0,88,15,8615.3088064744,420.5651709457,20.4850743753,559.1753997849,28.5501196285,19.5857462968,8056.1334066869,8957.9471597191,0.8993280785,420.5651709457
0-0,89,15,16922.2343136775,741.3437298219,22.8264348007,407.6167078334,19.9680943311,20.4134005516,16514.617605841,6843.921760445,2.4130342491,741.3437298219
0-0,90,15,25078.9368129872,673.4084733401,37.241789799,295.0708448792,14.8279815787,19.8995961327,24783.8659681048,1429.1078997862,17.3421936663,673.4084733401
0-0,91,15,4926.5141846274,57.4751885208,85.7154941361,225.5213338351,12.1629225055,18.5417060524,4700.9928507891,69.982548028,67.1737880837,57.4751885208
0-0,92,15,434.6186368062,5.3846349005,80.714597153,187.996998199,11.17141239,16.8284001733,246.6216386039,3.8603274301,63.8861969797,5.3846349005
0-0,93,15,194.4577493778,2.8643848408,67.8881366114,172.6593585657,11.451325287,15.0776747876,21.798390809,0.412766525,52.8104618238,2.8643848408
0-0,94,15,177.5501302489,3.1272098407,56.7758926618,174.1330816929,12.9330662734,13.4641760903,3.4170485528,0.0788943229,43.3117165714,3.1272098407
0-0,95,15,191.7286547707,4.0302658586,47.5722102455,190.8649783443,15.8024707767,12.0781731567,0.8636764232,0.0243330005,35.4940370888,4.0302658586
0-0,96,15,224.5090868637,5.6051760055,40.0538870934,224.1859435217,20.4360618066,10.9701147728,0.3231433388,0.011110778,29.0837723206,5.6051760055
0-0,97,15,277.7357841262,8.1661257904,34.0107158837,277.5690336396,27.2654979575,10.1802297567,0.1667504834,0.0069973597,23.8304861269,8.1661257904
0-0,98,15,355.5706188431,12.1410832545,29.2865645832,355.4586327375,36.4174355382,9.7606717081,0.1119861024,0.0057352615,19.5258928751,12.1410832545
0-0,99,15,460.388682464,17.8481683498,25.7947299375,460.2953522927,46.9884306359,9.7959294674,0.093330168,0.0058335728,15.9988004701,17.8481683498
0-0,100,15,585.8094684078,24.8975922231,23.5287598559,585.7166482533,56.2111286171,10.4199410804,0.0928201513,0.0070807411,13.1088187755,24.8975922231
0-1,0,15,400,5.7142857143,70,300,30,10,100,1.6666666667,60,5.7142857143
0-1,1,15,341.7500833023,5.5560977687,61.5090118157,331.7557393828,33.1353002608,10.0121543119,9.9943439196,0.1940767729,51.4968575037,5.5560977687
0-1,2,15,366.5851356649,6.7583964489,54.241437068,365.0636373192,35.8256270378,10.1900138952,1.5214983457,0.0345391417,44.0514231728,6.7583964489
0-1,3,15,396.4981795118,8.224361968,48.2102053694,396.1651092602,37.5820918087,10.5413267382,0.3330702516,0.0088420538,37.6688786312,8.224361968
0-1,4,15,420.2707679545,9.7132734976,43.2676757282,420.1712673585,37.9955665401,11.0584288016,0.099500596,0.0030891935,32.2092469266,9.7132734976
0-1,5,15,432.1099035297,11.0096468847,39.2482981566,432.071123907,36.9047925783,11.7077239492,0.0387796227,0.0014080906,27.5405742074,11.0096468847
0-1,6,15,428.512785238,11.912897348,35.9704925443,428.4938089449,34.4948633521,12.4219598892,0.0189762931,0.0008058376,23.5485326551,11.912897348
0-1,7,15,409.4369255126,12.3178176092,33.2394047795,409.4256491104,31.2436403466,13.1042876108,0.0112764021,0.0005600366,20.1351171687,12.3178176092
0-1,8,15,378.6153046798,12.266332891,30.8662179677,378.6073930302,27.7373284173,13.64974259,0.0079116496,0.0004595395,17.2164753778,12.266332891
0-1,9,15,342.080014492,11.9201420979,28.6976456893,342.0736241322,24.4744752371,13.9767500965,0.0063903597,0.0004341013,14.7208955928,11.9201420979
0-1,10,15,305.8188900806,11.4807896164,26.637443965,305.8130521609,21.7654529906,14.0503876622,0.0058379195,0.0004638034,12.5870563029,11.4807896164
0-1,11,15,274.1071750122,11.1212742673,24.6471014404,274.1012583805,19.7414179357,13.8845780619,0.0059166314,0.0005497439,10.7625233785,11.1212742673
0-1,12,15,249.1538148028,10.961715792,22.7294539952,249.147261453,18.4185272434,13.5269914994,0.0065533495,0.00071213,9.2024624959,10.961715792
0-1,13,15,231.6288055418,11.0785399455,20.9078819665,231.6209728981,17.7632386515,13.0393436379,0.0078326433,0.0009954382,7.8685383286,11.0785399455
0-1,14,15,221.3913304017,11.5245000277,19.2104932856,221.3813411068,17.7353062163,12.4825214974,0.0099892945,0.0014847408,6.7279717883,11.5245000277
0-1,15,15,218.0395415757,12.3452226385,17.6618557608,218.0260750339,18.3074870603,11.9091208049,0.0134665414,0.0023408938,5.752734956,12.3452226385
0-1,16,15,221.2037443977,13.5870318196,16.2805053624,221.1847064052,19.4676709754,11.361641908,0.0190379921,0.0038704047,4.9188634544,13.5870318196
0-1,17,15,230.6444122554,15.2952869356,15.0794433099,230.616383051,21.208879593,10.8735768922,0.0280292042,0.0066643116,4.2058664178,15.2952869356
0-1,18,15,246.2150284082,17.5018149809,14.0679711605,246.1723029919,23.508235059,10.4717475546,0.0427254162,0.0118806339,3.5962236059,17.5018149809
0-1,19,15,267.7172989583,20.1995153399,13.2536496274,267.6502101449,26.2951403676,10.1786948616,0.0670888134,0.0218178212,3.0749547658,20.1995153399
0-1,20,15,294.6564766539,23.304443718,12.6437893227,294.5484228302,29.4120840872,10.0145376287,0.108053824,0.0410967973,2.629251694,23.304443718
0-1,21,15,325.8995468516,26.6128626456,12.2459410396,325.7216973986,32.5794112432,9.9977772762,0.1778494539,0.0791087628,2.2481637634,26.6128626456
0-1,22,15,359.2862522069,29.7751059161,12.0666657986,358.9880345005,35.3880242305,10.144336744,0.2982177076,0.1551335381,1.9223290545,29.7751059161
0-1,23,15,391.3465713913,32.3225138054,12.107553693,390.8385083263,37.3514585074,10.4638084815,0.5080630664,0.3090886975,1.6437452115,32.3225138054
0-1,24,15,417.4193228107,33.7780916833,12.3576940558,416.5419433854,38.0329942692,10.9521206886,0.8773794273,0.6242146072,1.4055733672,33.7780916833
0-1,25,15,432.5261177438,33.8355653434,12.7831798687,430.9932875535,37.2148809349,11.5812082889,1.5328301936,1.2752632586,1.2019715798,33.8355653434
0-1,26,15,433.0774230524,32.5179361603,13.3181091481,430.3728019341,35.017685195,12.290155661,2.7046211232,2.6310734456,1.0279534871,32.5179361603
0-1,27,15,418.7797239953,30.2025721962,13.865697308,413.9668784222,31.8768855474,12.9864279811,4.8128455788,5.4736875626,0.8792693269,30.2025721962
0-1,28,15,393.5136425497,27.486591287,14.3165676108,384.8870357708,28.3750848621,13.564260253,8.626606786,11.4668648351,0.7523073578,27.486591287
0-1,29,15,364.4774962862,24.9992145177,14.5795579309,348.9192549228,25.0380793277,13.9355439511,15.5582413733,24.1582354779,0.6440139797,24.9992145177
0-1,30,15,340.4301095048,23.3047051649,14.6077844408,312.2224516891,22.2128302566,14.0559509114,28.2076578307,51.1162448948,0.5518335294,23.3047051649
0-1,31,15,330.821925326,22.9659495032,14.4048877788,279.4510533395,20.0593408774,13.9312181316,51.3708720081,108.4529530543,0.4736696472,22.9659495032
0-1,32,15,347.0798826724,24.7698070165,14.0122158579,253.1700140134,18.6095020115,13.604341151,93.9098686803,230.2419519876,0.4078747069,24.7698070165
0-1,33,15,406.4942062065,30.1351027264,13.4890599145,234.2759321568,17.8349511276,13.1357765144,172.218274071,487.4791003506,0.3532834001,30.1351027264
0-1,34,15,539.3732947889,41.8226857451,12.8966680446,222.7281585794,17.6946077548,12.5873464767,316.6451362309,1023.6762292888,0.3093215679,41.8226857451
0-1,35,15,801.5171317316,65.2183013882,12.2897578543,218.1421145176,18.1581204359,12.013474373,583.3750172354,2111.5088545812,0.2762834813,65.2183013882
0-1,36,15,1296.4387536289,110.6694838246,11.7145098073,220.1286586436,19.2109881244,11.4584766394,1076.3100950066,4203.791657274,0.2560331679,110.6694838246
0-1,37,15,2215.4220179854,197.6059119821,11.211314458,228.4227944005,20.8465657948,10.9573344909,1986.9992236063,7823.4486232632,0.2539799671,197.6059119821
0-1,38,15,3908.6518117584,361.1239331602,10.8235745484,242.8667124382,23.0469706163,10.5379017695,3665.7850993415,12832.1120173835,0.2856727789,361.1239331602
0-1,39,15,7002.2723714292,658.8451967339,10.6280995993,263.2835354379,25.7531799636,10.2233407995,6738.9888360126,16649.3942522742,0.4047587999,658.8451967339
0-1,40,15,12517.0109807826,1147.7974178086,10.9052440671,289.2495026866,28.8266060634,10.0341157766,12227.7614781173,14036.6942638074,0.8711282905,1147.7974178086
0-1,41,15,21066.7420842182,1527.2123896219,13.7942451406,319.7664270701,32.011753046,9.9890320474,20746.9756571694,5452.2506753082,3.8052130932,1527.2123896219
0-1,42,15,19805.3978206614,480.9521109316,41.1795631426,352.8703760926,34.9215473802,10.1046603763,19452.5274445901,625.9883607976,31.0749027662,480.9521109316
0-1,43,15,2495.3869664994,32.4625313961,76.8697590478,385.3045155863,37.0763396648,10.3921940264,2110.0824509345,31.7412716644,66.4775650214,32.4625313961
0-1,44,15,544.3086830276,7.5807960611,71.800992751,412.524317757,38.0179391132,10.8507806414,131.784365292,2.1621641784,60.9502121096,7.5807960611
0-1,45,15,441.934339436,6.923757656,63.8286839882,429.3898207857,37.476558509,11.4575574137,12.5445186717,0.2395311977,52.3711265745,6.923757656
0-1,46,15,433.5290170432,7.6108619547,56.9618815353,431.6993348045,35.507496416,12.1579772831,1.82968226,0.0408375629,44.8039042522,7.6108619547
0-1,47,15,418.4513805434,8.176495177,51.1773530693,418.0652672917,32.4976476324,12.8644778238,0.386113273,0.0100778986,38.3128752455,8.176495177
0-1,48,15,391.0399115016,8.4582841984,46.2315881482,390.9281263465,29.0186974824,13.4715945326,0.1117851764,0.0034122466,32.7599936156,8.4582841984
0-1,49,15,355.7843865802,8.4918577509,41.8971203968,355.7419716337,25.6194707416,13.8856097076,0.0424149679,0.0015141978,28.0115106891,8.4918577509
0-1,50,15,318.790092357,8.3882816953,38.0042187346,318.7698097277,22.6833878493,14.053007066,0.0202826506,0.0008468319,23.9512116686,8.3882816953
0-1,51,15,285.0378513591,8.2738885608,34.4502889136,285.0260379924,20.401466049,13.9708605895,0.0118133881,0.0005768417,20.4794283241,8.2738885608
0-1,52,15,257.4560020111,8.2550572751,31.1876699859,257.4478501445,18.8237013103,13.6767921409,0.0081518879,0.0004655328,17.510877845,8.2550572751
0-1,53,15,237.1902466333,8.4103783404,28.2020899693,237.1837461328,17.9284434927,13.229466698,0.0065005218,0.0004341605,14.9726232714,8.4103783404
0-1,54,15,224.3194082415,8.7990405573,25.4936213535,224.3135429254,17.6745533808,12.6913273616,0.0058653374,0.0004581474,12.8022939919,8.7990405573
0-1,55,15,218.4880146536,9.472678727,23.0650717659,218.4821322573,18.0287947436,12.1185101591,0.0058824177,0.0005373758,10.9465616068,9.472678727
0-1,56,15,219.2932789709,10.4839685258,20.9170104271,219.2868215165,18.9740659066,11.5571866671,0.0064574757,0.0006899142,9.35982376,10.4839685258
0-1,57,15,226.4444138502,11.8887169985,19.0470017815,226.4367551106,20.5033108303,11.0439117363,0.0076587609,0.0009569755,8.0030900453,11.8887169985
0-1,58,15,239.7715234285,13.7399656882,17.4506639151,239.7618198443,22.6027403643,10.6076438512,0.0097036055,0.0014180297,6.8430200639,13.7399656882
0-1,59,15,259.1161156251,16.0708644183,16.1233465033,259.1031070849,25.2236232913,10.2722398004,0.0130085615,0.0022232651,5.8511067029,16.0708644183
0-1,60,15,284.1216078738,18.8640613327,15.0615290559,284.1033053017,28.2449476281,10.0585530921,0.0183025935,0.0036583413,5.0029759638,18.8640613327
0-1,61,15,313.9255107342,22.0090714816,14.2634600009,313.8986741729,31.4349026034,9.9856735086,0.0268365826,0.0062734741,4.2777864923,22.0090714816
0-1,62,15,346.7726692269,25.2594154778,13.7284518532,346.7319048642,34.4296577467,10.0707334187,0.0407643841,0.0111447573,3.6577184345,25.2594154778
0-1,63,15,379.6618376898,28.2195812627,13.4538437745,379.5980196213,36.7602828704,10.3263084498,0.0638180899,0.0204052339,3.1275353247,28.2195812627
0-1,64,15,408.2622765871,30.4023291326,13.4286512986,408.1597508819,37.9526675841,10.7544416997,0.1025257267,0.0383387027,2.6742095989,30.4023291326
0-1,65,15,427.463366229,31.3764032867,13.6237210595,427.2949791998,37.689913837,11.3371174327,0.1683870507,0.0736406821,2.2866036268,31.3764032867
0-1,66,15,432.7663426407,30.953277996,13.9812766421,432.4845139192,35.962213994,12.0260814307,0.281828743,0.1441435318,1.9551952114,30.953277996
0-1,67,15,422.1832136904,29.2957527558,14.4110723902,421.7038411743,33.1027792998,12.7392276448,0.4793725377,0.2867326879,1.6718447455,29.2957527558
0-1,68,15,397.5222991309,26.8559773819,14.8020045399,396.6955972118,29.6652314086,13.372408654,0.8267019409,0.5782766648,1.4295958859,26.8559773819
0-1,69,15,363.9482190251,24.1829136819,15.0498084645,362.505610308,26.2166543763,13.8273024889,1.4426087391,1.1800422803,1.2225059756,24.1829136819
0-1,70,15,327.9716482636,21.738550399,15.0870983687,325.4287384504,23.1760500921,14.0415962667,2.5429098352,2.4322378983,1.045502102,21.738550399
0-1,71,15,295.3316525698,19.8241062123,14.8976024143,290.8104362826,20.7672159855,14.0033424069,4.5212163094,5.0558185223,0.8942600075,19.8241062123
0-1,72,15,270.0692730377,18.6136595799,14.509198037,261.9712929787,19.0606432974,13.7440950387,8.0979800816,10.5841698441,0.7651029982,18.6136595799
0-1,73,15,254.9335012111,18.242053895,13.9750437466,240.3376969886,18.0432034222,13.3201234484,14.5958042456,22.2863824589,0.6549202982,18.242053895
0-1,74,15,252.580067547,18.912397635,13.3552642252,226.1313294844,17.6745748064,12.7941595179,26.4487380869,47.1369028707,0.5611047073,18.912397635
0-1,75,15,267.1872716755,21.0293730879,12.7054320906,219.0410481288,17.9190494934,12.2239211521,48.1462235713,99.9898854331,0.4815109385,21.0293730879
0-1,76,15,306.6366690707,25.4008265001,12.0719169933,218.6548440239,18.7566226334,11.6574741784,87.9818250714,212.2894206572,0.4144428149,25.4008265001
0-1,77,15,385.9542220537,33.5855070619,11.4916895952,224.6575804486,20.1794099933,11.1330103568,161.2966416297,449.69606357,0.3586792385,33.5855070619
0-1,78,15,533.3512197298,48.5116902496,10.9942823469,236.8614051315,22.1765615488,10.6807092078,296.489814623,945.5204468833,0.3135731391,48.5116902496
0-1,79,15,801.2554514496,75.5581258977,10.6044908066,255.1174902688,24.7082657758,10.3251880396,546.1379612054,1955.3617998715,0.279302767,75.5581258977
0-1,80,15,1286.6153576941,124.3680800247,10.3452216794,279.1256254633,27.6698481491,10.0877180084,1007.4897322555,3912.5257065735,0.257503671,124.3680800247
0-1,81,15,2168.0578417986,211.7099119764,10.2407006907,308.1419857301,30.8522175777,9.9876770593,1859.9158560932,7350.7594775792,0.2530236313,211.7099119764
0-1,82,15,3772.5038428939,365.4705899474,10.3223185303,340.6025752081,33.9155672994,10.0426618904,3431.9012677105,12271.8390255225,0.2796566399,365.4705899474
0-1,83,15,6686.7571345288,627.8567391874,10.6501319763,373.749185387,36.4050431291,10.2664123776,6313.0079491664,16452.1384124361,0.3837195987,627.8567391874
0-1,84,15,11886.2509000975,1038.7120653846,11.4432587203,403.4728372819,37.8367752819,10.6635101505,11482.7780628402,14726.2572931952,0.7797485698,1038.7120653846
0-1,85,15,20199.1752031418,1409.4564178696,14.3311811185,424.7160835854,37.8520089795,11.2204370398,19774.4591195811,6356.8260902877,3.1107440787,1409.4564178696
0-1,86,15,21764.2998355429,584.2618014345,37.2509374772,432.7124387704,36.3774383532,11.8950772335,21331.5873967972,841.2882541481,25.3558602436,584.2618014345
0-1,87,15,3296.0216298118,42.0187131887,78.4417555819,424.8487227388,33.688203211,12.6112016149,2871.1729070977,43.6145943499,65.830553967,42.0187131887
0-1,88,15,576.6997224968,7.6737149951,75.1526115924,402.1510264712,30.3120933894,13.2670159499,174.5486960502,2.820506036,61.8855956426,7.6737149951
0-1,89,15,385.0048167355,5.7450764611,67.0147419865,369.178731765,26.8285243992,13.7606797255,15.8260849951,0.2971808032,53.254062261,5.7450764611
0-1,90,15,334.3907593098,5.611831584,59.586741744,332.180029668,23.6907202953,14.0215251173,2.2107296665,0.0485179229,45.5652166267,5.611831584
0-1,91,15,297.2472908707,5.6091939462,52.9928709402,296.7977740388,21.1570626302,14.0283072006,0.4495168566,0.0115365556,38.9645637396,5.6091939462
0-1,92,15,266.8694230259,5.663230608,47.1231778289,266.7433494685,19.3210505577,13.8058408715,0.1260735821,0.0037840234,33.3173369574,5.663230608
0-1,93,15,243.7923384023,5.8190622671,41.8954682406,243.7457816331,18.1799753733,13.4073768873,0.0465567938,0.0016342546,28.4880913533,5.8190622671
0-1,94,15,228.2135988673,6.1258374496,37.254269436,228.191846134,17.6953921482,12.8955518037,0.021752758,0.0008930174,24.3587176323,6.1258374496
0-1,95,15,219.8403109837,6.6302046513,33.1573944614,219.827879692,17.8293851006,12.3295267028,0.0124313163,0.0005968598,20.8278677586,6.6302046513
0-1,96,15,218.2479669632,7.3812069545,29.5680595745,218.2395323297,18.558969638,11.7592483088,0.0084346581,0.0004736227,17.8088112657,7.3812069545
0-1,97,15,223.0941528721,8.4339276754,26.4519879062,223.0875247046,19.8748454691,11.2246168178,0.0066281922,0.0004352815,15.2273710884,8.4339276754
0-1,98,15,234.1700596731,9.8485053353,23.7772181362,234.1641531007,21.7683319216,10.7571013683,0.005906597,0.0004536516,13.0201167679,9.8485053353
0-1,99,15,251.3305558317,11.6816600113,21.5149692415,251.324695434,24.2073636537,10.3821588765,0.0058604223,0.00052641,11.132810365,11.6816600113
0-1,100,15,274.3218489544,13.9670739364,19.6406097801,274.3154752333,27.1021629796,10.1215344118,0.0063737458,0.0006695761,9.5190753683,13.9670739364
0-2,0,15,400,5.7142857143,70,300,30,10,100,1.6666666667,60,5.7142857143
0-2,1,15,295.8800391253,4.5694888606,64.7512332678,284.722923226,27.2780790535,10.4377922898,11.1571158992,0.2054208995,54.313440978,4.5694888606
0-2,2,15,266.9090616946,4.4637734413,59.7944911865,265.3065137888,24.5658231813,10.7998218432,1.6025479058,0.0327086176,48.9946693433,4.4637734413
0-2,3,15,244.0033805377,4.417290214,55.2382498585,243.7133401121,22.0365391287,11.0595106921,0.2900404257,0.0065651585,44.1787391664,4.417290214
0-2,4,15,221.8899738266,4.3477177038,51.0359662108,221.8252910075,19.8019535049,11.2021922964,0.0646828192,0.0016238185,39.8337739143,4.3477177038
0-2,5,15,201.1582172032,4.2670939463,47.1417362113,201.1408018754,17.917398331,11.2260049232,0.0174153278,0.0004848941,35.9157312881,4.2670939463
0-2,6,15,182.6592345475,4.1968556506,43.5228775434,182.6536750353,16.3963585109,11.1398927338,0.0055595122,0.00017168,32.3829848096,4.1968556506
0-2,7,15,166.8889591518,4.1558353148,40.1577412264,166.8868935032,15.2268587195,10.9600342774,0.0020656487,7.07E-05,29.197706949,4.1558353148
0-2,8,15,154.0102168317,4.1588574701,37.0318574124,154.0093357463,14.3851662723,10.7061213497,0.0008810854,3.35E-05,26.3257360627,4.1588574701
0-2,9,15,143.9694445785,4.2176917486,34.1346530663,143.96902307,13.8453122785,10.3983947905,0.0004215084,1.78E-05,23.7362582758,4.2176917486
0-2,10,15,136.6043464189,4.3425420603,31.4572304703,136.6041186983,13.5846878637,10.0557421759,0.0002277203,1.06E-05,21.4014882943,4.3425420603
0-2,11,15,131.721006984,4.5434977341,28.9911021625,131.7208708887,13.5868542696,9.6947290576,0.0001360951,7.05E-06,19.2963731049,4.5434977341
0-2,12,15,129.140677381,4.8317276278,26.7276401587,129.1405881402,13.8424484934,9.3293168619,8.92E-05,5.13E-06,17.3983232968,4.8317276278
0-2,13,15,128.7235800108,5.220364095,24.6579697641,128.723516559,14.3488480778,8.9710000316,6.35E-05,4.04E-06,15.6869697325,5.220364095
0-2,14,15,130.37772556,5.7250783954,22.773090001,130.3776768176,15.1089985037,8.6291408915,4.87E-05,3.45E-06,14.1439491095,5.7250783954
0-2,15,15,134.0585485481,6.3643143198,21.0640992589,134.0585085539,16.1294857041,8.3113938667,4.00E-05,3.14E-06,12.7527053922,6.3643143198
0-2,16,15,139.7619158594,7.1590342043,19.522453989,139.7618810454,17.4176660866,8.024145161,3.48E-05,3.03E-06,11.4983088279,7.1590342043
0-2,17,15,147.5116457537,8.131749662,18.1402099037,147.5116137179,18.9776531264,7.7729112623,3.20E-05,3.09E-06,10.3672986414,8.131749662
0-2,18,15,157.3414364193,9.3045091342,16.910235043,157.3414055002,20.8049336499,7.5626968174,3.09E-05,3.31E-06,9.3475382256,9.3045091342
0-2,19,15,169.2694895312,10.695398299,15.8263848432,169.2694583301,22.8795067371,7.398300159,3.12E-05,3.70E-06,8.4280846842,10.695398299
0-2,20,15,183.2643361898,12.3131531626,14.8836235341,183.2643034198,25.1579373554,7.2845520215,3.28E-05,4.31E-06,7.5990715125,12.3131531626
0-2,21,15,199.1993137404,14.1496079545,14.0780800698,199.199278074,27.5651978404,7.2264773584,3.57E-05,5.21E-06,6.8516027114,14.1496079545
0-2,22,15,216.7971802032,16.1704677432,13.4069826332,216.7971400973,29.9885716333,7.2293253159,4.01E-05,6.49E-06,6.1776573172,16.1704677432
0-2,23,15,235.5675366789,18.3058669401,12.8684174013,235.5674902484,32.2765313244,7.2984140669,4.64E-05,8.34E-06,5.5700033344,18.3058669401
0-2,24,15,254.7481144319,20.4439574107,12.4608024422,254.748059245,34.246395873,7.4386823124,5.52E-05,1.10E-05,5.0221201298,20.4439574107
0-2,25,15,273.26937891,22.4323025746,12.181958495,273.2693117401,35.7036033594,7.6538300347,6.72E-05,1.48E-05,4.5281284603,22.4323025746
0-2,26,15,289.7712846846,24.0920473654,12.0276737087,289.7712011627,36.4723925631,7.9449463224,8.35E-05,2.05E-05,4.0827273863,24.0920473654
0-2,27,15,302.7064280182,25.2470889716,11.9897556648,302.7063221355,36.4328137101,8.3086177352,0.0001058824,2.88E-05,3.6811379296,25.2470889716
0-2,28,15,310.5566920373,25.7642798822,12.053769539,310.5565554508,35.5542676443,8.7347195155,0.0001365862,4.12E-05,3.3190500235,25.7642798822
0-2,29,15,312.1365526261,25.5906680686,12.1972803441,312.1363736451,33.9105349495,9.2047021408,0.0001789807,5.98E-05,2.9925782034,25.5906680686
0-2,30,15,306.9166423789,24.7724760421,12.389421302,306.9164045032,31.6695906026,9.6912021489,0.0002378753,8.82E-05,2.6982191531,24.7724760421
0-2,31,15,295.2370975146,23.444763559,12.5928801445,295.2367773056,29.0585492231,10.1600659771,0.0003202087,0.0001316207,2.4328141674,23.444763559
0-2,32,15,278.2957249147,21.7954943342,12.7684979587,278.2952888878,26.3163823785,10.5749827193,0.0004360265,0.0001987798,2.1935152393,21.7954943342
0-2,33,15,257.8863530948,20.020056383,12.8813999402,257.8857531666,23.6513333661,10.9036454383,0.0005999278,0.0003033379,1.9777545019,20.020056383
0-2,34,15,235.9884011484,18.2843929248,12.9065483398,235.9875679436,21.2155471946,11.1233316671,0.0008332046,0.0004672481,1.7832166728,18.2843929248
0-2,35,15,214.3754889577,16.7066507858,12.8317453753,214.3743219692,19.0997538033,11.2239311656,0.0011669882,0.0007258228,1.6078142096,16.7066507858
0-2,36,15,194.3738468565,15.3565578354,12.6573838317,194.3721998962,17.3427082931,11.2077189221,0.00164696,0.001136097,1.4496649096,15.3565578354
0-2,37,15,176.8023102953,14.2655027461,12.3936964187,176.7999699675,15.947141231,11.0866247064,0.0023403275,0.0017905119,1.3070717123,14.2655027461
0-2,38,15,162.0443416382,13.4398951872,12.0569646847,162.0409954016,14.8955819426,10.8784602056,0.0033462362,0.002839392,1.1785044792,13.4398951872
0-2,39,15,150.1767308604,12.8730464598,11.6659822001,150.1719195979,14.1626213662,10.6033986022,0.0048112622,0.0045278905,1.0625835979,12.8730464598
0-2,40,15,141.0973236636,12.5537619037,11.2394455738,141.0903713131,13.7229016697,10.2813803311,0.0069523501,0.0072566562,0.9580652427,12.5537619037
0-2,41,15,134.62740822,12.4720216502,10.7943533131,134.6173160835,13.5559105395,9.9305255587,0.0100921361,0.0116830422,0.8638277544,12.4720216502
0-2,42,15,130.5743549116,12.621529456,10.3453670466,130.5596440982,13.6475771967,9.5665070962,0.0147108128,0.0188876226,0.7788599503,12.621529456
0-2,43,15,128.7722520676,13.0012134594,9.9046333229,128.7507304046,13.99102042,9.2023831386,0.0215216622,0.0306467164,0.7022501843,13.0012134594
0-2,44,15,129.0993599553,13.6151725642,9.4820215717,129.0677710911,14.5858322471,8.8488451604,0.0315888634,0.049889514,0.6331764112,13.6151725642
0-2,45,15,131.4817891569,14.4715747795,9.0855204883,131.4352844403,15.436418523,8.514623016,0.0465047155,0.081458962,0.5708974723,14.4715747795
0-2,46,15,135.8927768462,15.5811361979,8.7216217816,135.8241283697,16.5500391238,8.2068765731,0.068648475,0.1333639902,0.5147452085,15.5811361979
0-2,47,15,142.3432011917,16.9541731904,8.3957618926,142.2416180213,17.9334329678,7.9316446704,0.1015831682,0.2188739468,0.4641172222,16.9541731904
0-2,48,15,150.8680542095,18.5965337065,8.1126975914,150.7174054061,19.5883748888,7.6942271251,0.1506488,0.3599986431,0.4184704663,18.5965337065
0-2,49,15,161.5070188829,20.5040387882,7.876839317,161.2831628932,21.5057869376,7.4995238891,0.2238559848,0.5932860634,0.3773154278,20.5040387882
0-2,50,15,174.2773448391,22.6553905502,7.6925332385,173.9441126384,23.6583904578,7.3523223377,0.3332321942,0.9794871165,0.3402109008,22.6553905502
0-2,51,15,189.1379266957,25.0041246064,7.5642690825,188.6410787662,25.9925352365,7.2575097831,0.4968479202,1.6196670194,0.3067592994,25.0041246064
0-2,52,15,205.9433556473,27.470847122,7.4967966853,205.201483342,28.4204934665,7.2201942441,0.7418722901,2.6820887294,0.2766024412,27.470847122
0-2,53,15,224.3896840051,29.938189911,7.4950985571,223.280501309,30.8156690933,7.2456807812,1.1091826727,4.4470874963,0.2494177759,29.938189911
0-2,54,15,243.9585451392,32.2519800165,7.5641416439,242.2982593079,33.0141405487,7.3392266247,1.6602858046,7.3818360868,0.2249150191,32.2519800165
0-2,55,15,263.8741985083,34.2325142362,7.7082914999,261.3863496527,34.8261677313,7.5054582999,2.4878488259,12.2654911784,0.2028332,34.2325142362
0-2,56,15,283.0985536523,35.6984217656,7.9302820587,279.3670778688,36.0597227634,7.7473440299,3.7314757482,20.3974852636,0.1829380289,35.6984217656
0-2,57,15,300.3991674263,36.502100816,8.2296405059,294.7975760543,36.5544247003,8.0646208625,5.6015913289,33.9449971691,0.1650196434,36.502100816
0-2,58,15,314.5268441257,36.5701314842,8.6006484352,306.1113546205,36.2186618287,8.4517577173,8.4154894499,56.5212497268,0.1488907179,36.5701314842
0-2,59,15,324.5204311309,35.9371545657,9.0302205351,311.8686851554,35.0578292453,8.8958355913,12.6517459019,94.1455608826,0.1343849437,35.9371545657
0-2,60,15,330.1129143488,34.7615335541,9.4965003151,311.0804827634,33.1814071002,9.3751443941,19.032431495,156.8315030654,0.121355921,34.7615335541
0-2,61,15,332.1554741657,33.3180270415,9.9692419888,303.5082452885,30.7831261568,9.8595653912,28.647228747,261.1972779706,0.1096765976,33.3180270415
0-2,62,15,332.9493050171,31.9750409671,10.4127874413,289.8083149857,28.0997681003,10.3135482809,43.1409899001,434.7174013554,0.0992391604,31.9750409671
0-2,63,15,336.4252997306,31.1752334017,10.79142842,271.4283364189,25.3636441963,10.7014723247,64.9969631789,722.5409566043,0.0899560953,31.1752334017
0-2,64,15,348.2407500015,31.4420765406,11.0756282128,250.2762119237,22.7650773194,10.9938661052,97.9645379459,1198.1655174006,0.0817621076,31.4420765406
0-2,65,15,376.0026876431,33.4317337222,11.2468797092,228.2971519363,20.4342828322,11.1722615279,147.7055355745,1979.4845311403,0.0746181813,33.4317337222
0-2,66,15,429.8946269276,38.0451422191,11.299593111,207.1250986264,18.4421447937,11.2310743107,222.769528169,3251.2175788514,0.0685188003,38.0451422191
0-2,67,15,523.9730241545,46.6173968448,11.2398602157,187.9067102772,16.8128792995,11.1763551578,336.0663137451,5291.961381203,0.0635050579,46.6173968448
0-2,68,15,678.3820972919,61.2135728032,11.0822170023,171.2956213446,15.5405024362,11.0225278782,507.0864758151,8495.4584855101,0.0596891241,61.2135728032
0-2,69,15,922.7979417641,85.0827193618,10.8458914887,157.5523177752,14.6036072076,10.788589116,765.2456238567,13354.5189827401,0.0573023727,85.0827193618
0-2,70,15,1301.5913051033,123.3541558494,10.5516615645,146.6776764801,13.9761377891,10.4948647969,1154.913628491,20334.1435950333,0.0567967676,123.3541558494
0-2,71,15,1881.4729752258,184.0996616119,10.2198611271,138.5330195653,13.6340866811,10.1607847159,1742.9399555283,29503.1454944787,0.0590764112,184.0996616119
0-2,72,15,2762.7595567146,279.922036766,9.8697465503,132.928093112,13.5590243578,9.8036620928,2629.8314634704,39795.0072534436,0.0660844574,279.922036766
0-2,73,15,4095.676125677,430.1850978529,9.5207299047,129.6763107658,13.7394616687,9.4382381124,3965.9998147791,48077.5081668775,0.0824917922,430.1850978529
0-2,74,15,6102.5950491493,663.4582491787,9.1981598792,128.6247552458,14.1708505848,9.076713813,5973.9702937714,49190.3153444344,0.1214460662,663.4582491787
0-2,75,15,9101.0369387489,1015.970102941,8.957977122,129.6668957646,14.8546457273,8.7290466663,8971.3700428522,39188.1893367188,0.2289304557,1015.970102941
0-2,76,15,13474.5660527577,1492.9873600601,9.0252378642,132.7445205116,15.7966021465,8.4033591073,13341.8215321139,21454.0557687022,0.6218787569,1492.9873600601
0-2,77,15,19088.8321404177,1749.0111317936,10.9140712677,137.8424470441,17.0042059359,8.1063736562,18950.9896932414,6749.6548117436,2.8076976115,1749.0111317936
0-2,78,15,19551.8076141961,717.1568948353,27.2629430952,144.9777635584,18.4830395494,7.8438269404,19406.8298505055,999.3673087831,19.4191161547,717.1568948353
0-2,79,15,4795.007071757,72.4557624141,66.1784088939,154.183543994,20.2318244473,7.6208423217,4640.8235276307,79.2523289354,58.5575665721,72.4557624141
0-2,80,15,566.4382445881,8.0468944414,70.3921554723,165.4858540816,22.2359932207,7.4422515081,400.9523903743,6.3693884363,62.9499039641,8.0468944414
0-2,81,15,217.4137567207,3.3479478182,64.9394102069,178.8722239552,24.4599667399,7.3128563852,38.5415326333,0.6688155039,57.6265538217,3.3479478182
0-2,82,15,199.0362380355,3.3576555421,59.2783373818,194.2498162694,26.8389283444,7.2376144746,4.7864216338,0.0919745416,52.0407229072,3.3576555421
0-2,83,15,212.1516699485,3.9175890274,54.1536308337,211.3927033049,29.2718145365,7.2217150406,0.7589665114,0.0161716499,46.9319157931,3.9175890274
0-2,84,15,230.0308998971,4.6388792456,49.5876024617,229.8806840924,31.6183303371,7.2704877722,0.1502156724,0.0035497617,42.3171146895,4.6388792456
0-2,85,15,249.0740423479,5.4688624259,45.5440314548,249.037725793,33.7035990355,7.3890543716,0.0363164227,0.0009518135,38.1549770831,5.4688624259
0-2,86,15,267.8972535702,6.3809955316,41.9836140371,267.8867378659,35.3337769082,7.5816049488,0.010515572,0.0003056674,34.4020090883,6.3809955316
0-2,87,15,285.151201378,7.3363389665,38.868324198,285.1476179405,36.3237009182,7.8501807561,0.0035833053,0.0001155229,31.0181434419,7.3363389665
0-2,88,15,299.3138120889,8.2774766782,36.1600308552,299.3123984563,36.5330592048,8.1929190977,0.0014135004,5.05E-05,27.9671117575,8.2774766782
0-2,89,15,308.8261391313,9.1319755712,33.8181083297,308.8255023729,35.9019118468,8.6019235881,0.0006366262,2.52E-05,25.2161847416,9.1319755712
0-2,90,15,312.3673533001,9.8237593738,31.7971299393,312.367030793,34.4727112045,9.0612841253,0.0003223749,1.42E-05,22.7358458141,9.8237593738
0-2,91,15,309.1823726696,10.290418241,30.0456565933,309.1821915888,32.3880652517,9.5461766298,0.0001809486,8.83E-06,20.4994799636,10.290418241
0-2,92,15,299.3415812284,10.500564236,28.5071901376,299.3414692831,29.862177376,10.0241005709,0.0001118131,6.05E-06,18.4830895667,10.500564236
0-2,93,15,283.803857343,10.4632694815,27.123821846,283.8037798435,27.1354456577,10.4587845515,7.74E-05,4.64E-06,16.6650372945,10.4632694815
0-2,94,15,264.2240562587,10.2246394597,25.8418946995,264.2239982193,24.4288118114,10.8160806288,5.79E-05,3.85E-06,15.0258140706,10.2246394597
0-2,95,15,242.5705326127,9.8534679147,24.6177827656,242.5704873692,21.9125128401,11.0699530054,4.51E-05,3.33E-06,13.5478297603,9.8534679147
0-2,96,15,220.7113284869,9.4233968665,23.4216314577,220.7112900832,19.6950984737,11.2064070346,3.83E-05,3.13E-06,12.2152244231,9.4233968665
0-2,97,15,200.120095062,8.9990511985,22.2379104915,200.1200608116,17.8293188692,11.224212337,3.41E-05,3.10E-06,11.0136981545,8.9990511985
0-2,98,15,181.7643128414,8.6294967046,21.0631418105,181.7642807238,16.3269383218,11.1327841841,3.20E-05,3.22E-06,9.9303576264,8.6294967046
0-2,99,15,166.1454063831,8.3481126214,19.9021520094,166.1453746024,15.1750694636,10.9485742389,3.16E-05,3.53E-06,8.9535777705,8.3481126214
0-2,100,15,153.4173345228,8.1760459778,18.7642455705,153.4173020099,14.3496410333,10.691368631,3.24E-05,4.01E-06,8.0728769395,8.1760459778
